Carrier,BL,Current ETA
MSC,MEDUKC776011,2026-10-01
MSC,MEDUYJ453487,2026-09-29
MSC,MEDUAEO13818,2026-10-02
CMA,COP0305302,2026-10-03
CMA,COP0308433,2026-10-21
MSC,MEDUKC808954,2026-10-26
CMA,COP0305863,2026-10-17
MSC,MEDUAFO34490,2026-10-22
CMA,COP0307369,2026-10-30
CMA,COP0307899,2026-10-22
CMA,COP0305645,2026-10-19
MSC,MEDUAAM80238,2026-10-10
CMA,CGK0409397,2026-09-28
CMA,COP0306944,2026-10-29
CMA,COP0308382,2026-11-27
CMA,COP0307065,2026-11-12
CMA,COP0305959,2026-10-04
CMA,COP0306236,2026-10-14
CMA,COP0308369,2026-10-28
MSC,MEDUABK49475,2026-10-09
CMA,COP0307708,2026-10-21
CMA,COP0308196,2026-10-09
CMA,COP0308525,2026-10-26
MSC,MEDUAAO53495,2026-10-12
CMA,COP0306231,2026-11-10
